X,Y,nom_dept,nom_com,insee_com,nom_station,code_station,typologie,influence,nom_poll,id_poll_ue,valeur,unite,metrique,date_debut,date_fin,statut_valid,x_l93,y_l93,ObjectId
1.41861,43.5756,HAUTE-GARONNE,TOULOUSE,31555,Toulouse-Jacquier Urbain,FR50004,Urbaine,Fond,NO,38,7.4,ug.m-3,annuelle,2018-01-01T01:00:00.000Z,2019-01-01T00:00:00.000Z,t,572227,6276450,1
1.41861,43.5756,HAUTE-GARONNE,TOULOUSE,31555,Toulouse-Jacquier Urbain,FR50004,Urbaine,Fond,NO,38,9.6,ug.m-3,annuelle,2017-01-01T01:00:00.000Z,2018-01-01T00:00:00.000Z,t,572227,6276450,2
1.41861,43.5756,HAUTE-GARONNE,TOULOUSE,31555,Toulouse-Jacquier Urbain,FR50004,Urbaine,Fond,NO2,8,17.6,ug.m-3,annuelle,2018-01-01T01:00:00.000Z,2019-01-01T00:00:00.000Z,t,572227,6276450,3
1.41861,43.5756,HAUTE-GARONNE,TOULOUSE,31555,Toulouse-Jacquier Urbain,FR50004,Urbaine,Fond,NO2,8,19.1,ug.m-3,annuelle,2017-01-01T01:00:00.000Z,2018-01-01T00:00:00.000Z,t,572227,6276450,4
1.41861,43.5756,HAUTE-GARONNE,TOULOUSE,31555,Toulouse-Jacquier Urbain,FR50004,Urbaine,Fond,NOX as NO2,9,28.9,ug.m-3,annuelle,2018-01-01T01:00:00.000Z,2019-01-01T00:00:00.000Z,t,572227,6276450,5
1.41861,43.5756,HAUTE-GARONNE,TOULOUSE,31555,Toulouse-Jacquier Urbain,FR50004,Urbaine,Fond,NOX as NO2,9,33.8,ug.m-3,annuelle,2017-01-01T01:00:00.000Z,2018-01-01T00:00:00.000Z,t,572227,6276450,6
1.41861,43.5756,HAUTE-GARONNE,TOULOUSE,31555,Toulouse-Jacquier Urbain,FR50004,Urbaine,Fond,O3,7,56.3,ug.m-3,annuelle,2018-01-01T01:00:00.000Z,2019-01-01T00:00:00.000Z,t,572227,6276450,7
1.41861,43.5756,HAUTE-GARONNE,TOULOUSE,31555,Toulouse-Jacquier Urbain,FR50004,Urbaine,Fond,O3,7,54.3,ug.m-3,annuelle,2017-01-01T01:00:00.000Z,2018-01-01T00:00:00.000Z,t,572227,6276450,8
1.41861,43.5756,HAUTE-GARONNE,TOULOUSE,31555,Toulouse-Jacquier Urbain,FR50004,Urbaine,Fond,PM10,5,16,ug.m-3,annuelle,2018-01-01T01:00:00.000Z,2019-01-01T00:00:00.000Z,t,572227,6276450,9
1.41861,43.5756,HAUTE-GARONNE,TOULOUSE,31555,Toulouse-Jacquier Urbain,FR50004,Urbaine,Fond,PM10,5,16.8,ug.m-3,annuelle,2017-01-01T01:00:00.000Z,2018-01-01T00:00:00.000Z,t,572227,6276450,10
0.744722,43.0944,HAUTE-GARONNE,MIRAMONT-DE-COMMINGES,31344,Saint Gaudens-Miramont Industriel,FR50015,Urbaine,Industrielle,H2S,11,1.4,ug.m-3,annuelle,2018-01-01T01:00:00.000Z,2019-01-01T00:00:00.000Z,t,516263,6224304,11
0.744722,43.0944,HAUTE-GARONNE,MIRAMONT-DE-COMMINGES,31344,Saint Gaudens-Miramont Industriel,FR50015,Urbaine,Industrielle,H2S,11,2.8,ug.m-3,annuelle,2017-01-01T01:00:00.000Z,2018-01-01T00:00:00.000Z,t,516263,6224304,12
0.744722,43.0944,HAUTE-GARONNE,MIRAMONT-DE-COMMINGES,31344,Saint Gaudens-Miramont Industriel,FR50015,Urbaine,Industrielle,SO2,1,0.2,ug.m-3,annuelle,2018-01-01T01:00:00.000Z,2019-01-01T00:00:00.000Z,t,516263,6224304,13
0.744722,43.0944,HAUTE-GARONNE,MIRAMONT-DE-COMMINGES,31344,Saint Gaudens-Miramont Industriel,FR50015,Urbaine,Industrielle,SO2,1,0.3,ug.m-3,annuelle,2017-01-01T01:00:00.000Z,2018-01-01T00:00:00.000Z,t,516263,6224304,14
0.718889,43.1064,HAUTE-GARONNE,SAINT-GAUDENS,31483,Saint Gaudens-Daurat Industriel,FR50016,Urbaine,Industrielle,H2S,11,2.3,ug.m-3,annuelle,2018-01-01T01:00:00.000Z,2019-01-01T00:00:00.000Z,t,514197,6225698,15
0.718889,43.1064,HAUTE-GARONNE,SAINT-GAUDENS,31483,Saint Gaudens-Daurat Industriel,FR50016,Urbaine,Industrielle,H2S,11,1.9,ug.m-3,annuelle,2017-01-01T01:00:00.000Z,2018-01-01T00:00:00.000Z,t,514197,6225698,16
0.718889,43.1064,HAUTE-GARONNE,SAINT-GAUDENS,31483,Saint Gaudens-Daurat Industriel,FR50016,Urbaine,Industrielle,SO2,1,2.6,ug.m-3,annuelle,2018-01-01T01:00:00.000Z,2019-01-01T00:00:00.000Z,t,514197,6225698,17
0.718889,43.1064,HAUTE-GARONNE,SAINT-GAUDENS,31483,Saint Gaudens-Daurat Industriel,FR50016,Urbaine,Industrielle,SO2,1,0.6,ug.m-3,annuelle,2017-01-01T01:00:00.000Z,2018-01-01T00:00:00.000Z,t,514197,6225698,18
0.179722,43.6303,GERS,PEYRUSSE-VIEILLE,32317,Peyrusse Vieille Rural,FR50020,Rurale Nationale,Fond,NO,38,0.05,ug.m-3,annuelle,2018-01-01T01:00:00.000Z,2019-01-01T00:00:00.000Z,t,472377,6285316,19
0.179722,43.6303,GERS,PEYRUSSE-VIEILLE,32317,Peyrusse Vieille Rural,FR50020,Rurale Nationale,Fond,NO,38,1.64,ug.m-3,annuelle,2017-01-01T01:00:00.000Z,2018-01-01T00:00:00.000Z,t,472377,6285316,20
0.179722,43.6303,GERS,PEYRUSSE-VIEILLE,32317,Peyrusse Vieille Rural,FR50020,Rurale Nationale,Fond,NO2,8,1.12,ug.m-3,annuelle,2018-01-01T01:00:00.000Z,2019-01-01T00:00:00.000Z,t,472377,6285316,21
0.179722,43.6303,GERS,PEYRUSSE-VIEILLE,32317,Peyrusse Vieille Rural,FR50020,Rurale Nationale,Fond,NO2,8,2.67,ug.m-3,annuelle,2017-01-01T01:00:00.000Z,2018-01-01T00:00:00.000Z,t,472377,6285316,22
0.179722,43.6303,GERS,PEYRUSSE-VIEILLE,32317,Peyrusse Vieille Rural,FR50020,Rurale Nationale,Fond,NOX as NO2,9,1.2,ug.m-3,annuelle,2018-01-01T01:00:00.000Z,2019-01-01T00:00:00.000Z,t,472377,6285316,23
0.179722,43.6303,GERS,PEYRUSSE-VIEILLE,32317,Peyrusse Vieille Rural,FR50020,Rurale Nationale,Fond,NOX as NO2,9,5.18,ug.m-3,annuelle,2017-01-01T01:00:00.000Z,2018-01-01T00:00:00.000Z,t,472377,6285316,24
0.179722,43.6303,GERS,PEYRUSSE-VIEILLE,32317,Peyrusse Vieille Rural,FR50020,Rurale Nationale,Fond,O3,7,68.9,ug.m-3,annuelle,2018-01-01T01:00:00.000Z,2019-01-01T00:00:00.000Z,t,472377,6285316,25
0.179722,43.6303,GERS,PEYRUSSE-VIEILLE,32317,Peyrusse Vieille Rural,FR50020,Rurale Nationale,Fond,O3,7,67.3,ug.m-3,annuelle,2017-01-01T01:00:00.000Z,2018-01-01T00:00:00.000Z,t,472377,6285316,26
1.43861,43.6236,HAUTE-GARONNE,TOULOUSE,31555,Toulouse-Mazades Urbain,FR50021,Urbaine,Fond,NO,38,6.1,ug.m-3,annuelle,2018-01-01T01:00:00.000Z,2019-01-01T00:00:00.000Z,t,573948,6281752,27
1.43861,43.6236,HAUTE-GARONNE,TOULOUSE,31555,Toulouse-Mazades Urbain,FR50021,Urbaine,Fond,NO,38,8.2,ug.m-3,annuelle,2017-01-01T01:00:00.000Z,2018-01-01T00:00:00.000Z,t,573948,6281752,28
1.43861,43.6236,HAUTE-GARONNE,TOULOUSE,31555,Toulouse-Mazades Urbain,FR50021,Urbaine,Fond,NO2,8,15.5,ug.m-3,annuelle,2018-01-01T01:00:00.000Z,2019-01-01T00:00:00.000Z,t,573948,6281752,29
1.43861,43.6236,HAUTE-GARONNE,TOULOUSE,31555,Toulouse-Mazades Urbain,FR50021,Urbaine,Fond,NO2,8,18.3,ug.m-3,annuelle,2017-01-01T01:00:00.000Z,2018-01-01T00:00:00.000Z,t,573948,6281752,30
1.43861,43.6236,HAUTE-GARONNE,TOULOUSE,31555,Toulouse-Mazades Urbain,FR50021,Urbaine,Fond,NOX as NO2,9,25.4,ug.m-3,annuelle,2018-01-01T01:00:00.000Z,2019-01-01T00:00:00.000Z,t,573948,6281752,31
1.43861,43.6236,HAUTE-GARONNE,TOULOUSE,31555,Toulouse-Mazades Urbain,FR50021,Urbaine,Fond,NOX as NO2,9,31.8,ug.m-3,annuelle,2017-01-01T01:00:00.000Z,2018-01-01T00:00:00.000Z,t,573948,6281752,32
1.43861,43.6236,HAUTE-GARONNE,TOULOUSE,31555,Toulouse-Mazades Urbain,FR50021,Urbaine,Fond,O3,7,58.1,ug.m-3,annuelle,2018-01-01T01:00:00.000Z,2019-01-01T00:00:00.000Z,t,573948,6281752,33
1.43861,43.6236,HAUTE-GARONNE,TOULOUSE,31555,Toulouse-Mazades Urbain,FR50021,Urbaine,Fond,O3,7,54.6,ug.m-3,annuelle,2017-01-01T01:00:00.000Z,2018-01-01T00:00:00.000Z,t,573948,6281752,34
1.43861,43.6236,HAUTE-GARONNE,TOULOUSE,31555,Toulouse-Mazades Urbain,FR50021,Urbaine,Fond,PM10,5,15,ug.m-3,annuelle,2018-01-01T01:00:00.000Z,2019-01-01T00:00:00.000Z,t,573948,6281752,35
1.43861,43.6236,HAUTE-GARONNE,TOULOUSE,31555,Toulouse-Mazades Urbain,FR50021,Urbaine,Fond,PM10,5,16.7,ug.m-3,annuelle,2017-01-01T01:00:00.000Z,2018-01-01T00:00:00.000Z,t,573948,6281752,36
1.43861,43.6236,HAUTE-GARONNE,TOULOUSE,31555,Toulouse-Mazades Urbain,FR50021,Urbaine,Fond,PM2.5,6001,8.9,ug.m-3,annuelle,2018-01-01T01:00:00.000Z,2019-01-01T00:00:00.000Z,t,573948,6281752,37
1.43861,43.6236,HAUTE-GARONNE,TOULOUSE,31555,Toulouse-Mazades Urbain,FR50021,Urbaine,Fond,PM2.5,6001,11.1,ug.m-3,annuelle,2017-01-01T01:00:00.000Z,2018-01-01T00:00:00.000Z,t,573948,6281752,38
2.14611,43.9281,TARN,ALBI,81004,Albi Urbain,FR50026,Urbaine,Fond,NO,38,3.9,ug.m-3,annuelle,2018-01-01T01:00:00.000Z,2019-01-01T00:00:00.000Z,t,631428,6314715,39
2.14611,43.9281,TARN,ALBI,81004,Albi Urbain,FR50026,Urbaine,Fond,NO,38,4.9,ug.m-3,annuelle,2017-01-01T01:00:00.000Z,2018-01-01T00:00:00.000Z,t,631428,6314715,40
2.14611,43.9281,TARN,ALBI,81004,Albi Urbain,FR50026,Urbaine,Fond,NO2,8,13.7,ug.m-3,annuelle,2018-01-01T01:00:00.000Z,2019-01-01T00:00:00.000Z,t,631428,6314715,41
2.14611,43.9281,TARN,ALBI,81004,Albi Urbain,FR50026,Urbaine,Fond,NO2,8,14.8,ug.m-3,annuelle,2017-01-01T01:00:00.000Z,2018-01-01T00:00:00.000Z,t,631428,6314715,42
2.14611,43.9281,TARN,ALBI,81004,Albi Urbain,FR50026,Urbaine,Fond,NOX as NO2,9,19.7,ug.m-3,annuelle,2018-01-01T01:00:00.000Z,2019-01-01T00:00:00.000Z,t,631428,6314715,43
2.14611,43.9281,TARN,ALBI,81004,Albi Urbain,FR50026,Urbaine,Fond,NOX as NO2,9,22.3,ug.m-3,annuelle,2017-01-01T01:00:00.000Z,2018-01-01T00:00:00.000Z,t,631428,6314715,44
2.14611,43.9281,TARN,ALBI,81004,Albi Urbain,FR50026,Urbaine,Fond,O3,7,54.5,ug.m-3,annuelle,2018-01-01T01:00:00.000Z,2019-01-01T00:00:00.000Z,t,631428,6314715,45
2.14611,43.9281,TARN,ALBI,81004,Albi Urbain,FR50026,Urbaine,Fond,O3,7,51.1,ug.m-3,annuelle,2017-01-01T01:00:00.000Z,2018-01-01T00:00:00.000Z,t,631428,6314715,46
2.14611,43.9281,TARN,ALBI,81004,Albi Urbain,FR50026,Urbaine,Fond,PM10,5,14.6,ug.m-3,annuelle,2018-01-01T01:00:00.000Z,2019-01-01T00:00:00.000Z,t,631428,6314715,47
2.14611,43.9281,TARN,ALBI,81004,Albi Urbain,FR50026,Urbaine,Fond,PM10,5,16.4,ug.m-3,annuelle,2017-01-01T01:00:00.000Z,2018-01-01T00:00:00.000Z,t,631428,6314715,48
1.44389,43.5872,HAUTE-GARONNE,TOULOUSE,31555,Toulouse-Berthelot Urbain,FR50030,Urbaine,Fond,NO,38,4,ug.m-3,annuelle,2018-01-01T01:00:00.000Z,2019-01-01T00:00:00.000Z,t,574294,6277699,49
1.44389,43.5872,HAUTE-GARONNE,TOULOUSE,31555,Toulouse-Berthelot Urbain,FR50030,Urbaine,Fond,NO,38,6.1,ug.m-3,annuelle,2017-01-01T01:00:00.000Z,2018-01-01T00:00:00.000Z,t,574294,6277699,50
1.44389,43.5872,HAUTE-GARONNE,TOULOUSE,31555,Toulouse-Berthelot Urbain,FR50030,Urbaine,Fond,NO2,8,16.6,ug.m-3,annuelle,2018-01-01T01:00:00.000Z,2019-01-01T00:00:00.000Z,t,574294,6277699,51
1.44389,43.5872,HAUTE-GARONNE,TOULOUSE,31555,Toulouse-Berthelot Urbain,FR50030,Urbaine,Fond,NO2,8,19.3,ug.m-3,annuelle,2017-01-01T01:00:00.000Z,2018-01-01T00:00:00.000Z,t,574294,6277699,52
1.44389,43.5872,HAUTE-GARONNE,TOULOUSE,31555,Toulouse-Berthelot Urbain,FR50030,Urbaine,Fond,NOX as NO2,9,22.7,ug.m-3,annuelle,2018-01-01T01:00:00.000Z,2019-01-01T00:00:00.000Z,t,574294,6277699,53
1.44389,43.5872,HAUTE-GARONNE,TOULOUSE,31555,Toulouse-Berthelot Urbain,FR50030,Urbaine,Fond,NOX as NO2,9,28.7,ug.m-3,annuelle,2017-01-01T01:00:00.000Z,2018-01-01T00:00:00.000Z,t,574294,6277699,54
1.44389,43.5872,HAUTE-GARONNE,TOULOUSE,31555,Toulouse-Berthelot Urbain,FR50030,Urbaine,Fond,O3,7,57,ug.m-3,annuelle,2018-01-01T01:00:00.000Z,2019-01-01T00:00:00.000Z,t,574294,6277699,55
1.44389,43.5872,HAUTE-GARONNE,TOULOUSE,31555,Toulouse-Berthelot Urbain,FR50030,Urbaine,Fond,O3,7,54.9,ug.m-3,annuelle,2017-01-01T01:00:00.000Z,2018-01-01T00:00:00.000Z,t,574294,6277699,56
1.44389,43.5872,HAUTE-GARONNE,TOULOUSE,31555,Toulouse-Berthelot Urbain,FR50030,Urbaine,Fond,PM10,5,14.4,ug.m-3,annuelle,2018-01-01T01:00:00.000Z,2019-01-01T00:00:00.000Z,t,574294,6277699,57
1.44389,43.5872,HAUTE-GARONNE,TOULOUSE,31555,Toulouse-Berthelot Urbain,FR50030,Urbaine,Fond,PM10,5,15.2,ug.m-3,annuelle,2017-01-01T01:00:00.000Z,2018-01-01T00:00:00.000Z,t,574294,6277699,58
1.44389,43.5872,HAUTE-GARONNE,TOULOUSE,31555,Toulouse-Berthelot Urbain,FR50030,Urbaine,Fond,PM2.5,6001,8.9,ug.m-3,annuelle,2018-01-01T01:00:00.000Z,2019-01-01T00:00:00.000Z,t,574294,6277699,59
1.44389,43.5872,HAUTE-GARONNE,TOULOUSE,31555,Toulouse-Berthelot Urbain,FR50030,Urbaine,Fond,PM2.5,6001,9.8,ug.m-3,annuelle,2017-01-01T01:00:00.000Z,2018-01-01T00:00:00.000Z,t,574294,6277699,60
1.44389,43.5872,HAUTE-GARONNE,TOULOUSE,31555,Toulouse-Berthelot Urbain,FR50030,Urbaine,Fond,SO2,1,0.8,ug.m-3,annuelle,2017-01-01T01:00:00.000Z,2018-01-01T00:00:00.000Z,t,574294,6277699,61
1.82194,43.4414,HAUTE-GARONNE,BELESTA-EN-LAURAGAIS,31060,Belesta en Lauragais Rural,FR50031,Rurale Régionale,Fond,O3,7,65.2,ug.m-3,annuelle,2018-01-01T01:00:00.000Z,2019-01-01T00:00:00.000Z,t,604590,6260967,62
1.82194,43.4414,HAUTE-GARONNE,BELESTA-EN-LAURAGAIS,31060,Belesta en Lauragais Rural,FR50031,Rurale Régionale,Fond,O3,7,65,ug.m-3,annuelle,2017-01-01T01:00:00.000Z,2018-01-01T00:00:00.000Z,t,604590,6260967,63
1.39326,43.5616,HAUTE-GARONNE,TOULOUSE,31555,Toulouse-SETMI Eisenhower ,FR50039,Urbaine,Industrielle,PM10,5,15.8,ug.m-3,annuelle,2018-01-01T01:00:00.000Z,2019-01-01T00:00:00.000Z,t,570147,6274936,64
1.39326,43.5616,HAUTE-GARONNE,TOULOUSE,31555,Toulouse-SETMI Eisenhower ,FR50039,Urbaine,Industrielle,PM10,5,15.8,ug.m-3,annuelle,2017-01-01T01:00:00.000Z,2018-01-01T00:00:00.000Z,t,570147,6274936,65
1.40639,43.5569,HAUTE-GARONNE,TOULOUSE,31555,Toulouse-SETMI Chapitre,FR50040,Urbaine,Industrielle,PM10,5,15.9,ug.m-3,annuelle,2018-01-01T01:00:00.000Z,2019-01-01T00:00:00.000Z,t,571198,6274392,66
1.40639,43.5569,HAUTE-GARONNE,TOULOUSE,31555,Toulouse-SETMI Chapitre,FR50040,Urbaine,Industrielle,PM10,5,15.6,ug.m-3,annuelle,2017-01-01T01:00:00.000Z,2018-01-01T00:00:00.000Z,t,571198,6274392,67
1.57111,43.4575,HAUTE-GARONNE,MONTGISCARD,31381,Montgiscard Urbain,FR50041,Périurbaine,Fond,O3,7,61.5,ug.m-3,annuelle,2018-01-01T01:00:00.000Z,2019-01-01T00:00:00.000Z,t,584310,6263091,68
1.57111,43.4575,HAUTE-GARONNE,MONTGISCARD,31381,Montgiscard Urbain,FR50041,Périurbaine,Fond,O3,7,59.8,ug.m-3,annuelle,2017-01-01T01:00:00.000Z,2018-01-01T00:00:00.000Z,t,584310,6263091,69
-0.038889,43.0969,HAUTES-PYRENEES,LOURDES,65286,Lourdes-Lapaca Urbain,FR50042,Urbaine,Fond,NO,38,5.1,ug.m-3,annuelle,2018-01-01T01:00:00.000Z,2019-01-01T00:00:00.000Z,t,452460,6226722,70
-0.038889,43.0969,HAUTES-PYRENEES,LOURDES,65286,Lourdes-Lapaca Urbain,FR50042,Urbaine,Fond,NO,38,5.9,ug.m-3,annuelle,2017-01-01T01:00:00.000Z,2018-01-01T00:00:00.000Z,t,452460,6226722,71
-0.038889,43.0969,HAUTES-PYRENEES,LOURDES,65286,Lourdes-Lapaca Urbain,FR50042,Urbaine,Fond,NO2,8,11.5,ug.m-3,annuelle,2018-01-01T01:00:00.000Z,2019-01-01T00:00:00.000Z,t,452460,6226722,72
-0.038889,43.0969,HAUTES-PYRENEES,LOURDES,65286,Lourdes-Lapaca Urbain,FR50042,Urbaine,Fond,NO2,8,13.1,ug.m-3,annuelle,2017-01-01T01:00:00.000Z,2018-01-01T00:00:00.000Z,t,452460,6226722,73
-0.038889,43.0969,HAUTES-PYRENEES,LOURDES,65286,Lourdes-Lapaca Urbain,FR50042,Urbaine,Fond,NOX as NO2,9,19.2,ug.m-3,annuelle,2018-01-01T01:00:00.000Z,2019-01-01T00:00:00.000Z,t,452460,6226722,74
-0.038889,43.0969,HAUTES-PYRENEES,LOURDES,65286,Lourdes-Lapaca Urbain,FR50042,Urbaine,Fond,NOX as NO2,9,22.2,ug.m-3,annuelle,2017-01-01T01:00:00.000Z,2018-01-01T00:00:00.000Z,t,452460,6226722,75
-0.038889,43.0969,HAUTES-PYRENEES,LOURDES,65286,Lourdes-Lapaca Urbain,FR50042,Urbaine,Fond,O3,7,54.1,ug.m-3,annuelle,2018-01-01T01:00:00.000Z,2019-01-01T00:00:00.000Z,t,452460,6226722,76
-0.038889,43.0969,HAUTES-PYRENEES,LOURDES,65286,Lourdes-Lapaca Urbain,FR50042,Urbaine,Fond,O3,7,54.2,ug.m-3,annuelle,2017-01-01T01:00:00.000Z,2018-01-01T00:00:00.000Z,t,452460,6226722,77
1.373,43.631,HAUTE-GARONNE,BLAGNAC,31069,Blagnac Aéroport Piste ,FR50043,Périurbaine,Trafic,NO,38,7,ug.m-3,annuelle,2018-01-01T01:00:00.000Z,2019-01-01T00:00:00.000Z,t,568669,6282681,78
1.373,43.631,HAUTE-GARONNE,BLAGNAC,31069,Blagnac Aéroport Piste ,FR50043,Périurbaine,Trafic,NO,38,8.5,ug.m-3,annuelle,2017-01-01T01:00:00.000Z,2018-01-01T00:00:00.000Z,t,568669,6282681,79
1.373,43.631,HAUTE-GARONNE,BLAGNAC,31069,Blagnac Aéroport Piste ,FR50043,Périurbaine,Trafic,NO2,8,15.9,ug.m-3,annuelle,2018-01-01T01:00:00.000Z,2019-01-01T00:00:00.000Z,t,568669,6282681,80
1.373,43.631,HAUTE-GARONNE,BLAGNAC,31069,Blagnac Aéroport Piste ,FR50043,Périurbaine,Trafic,NO2,8,17,ug.m-3,annuelle,2017-01-01T01:00:00.000Z,2018-01-01T00:00:00.000Z,t,568669,6282681,81
1.373,43.631,HAUTE-GARONNE,BLAGNAC,31069,Blagnac Aéroport Piste ,FR50043,Périurbaine,Trafic,NOX as NO2,9,26.5,ug.m-3,annuelle,2018-01-01T01:00:00.000Z,2019-01-01T00:00:00.000Z,t,568669,6282681,82
1.373,43.631,HAUTE-GARONNE,BLAGNAC,31069,Blagnac Aéroport Piste ,FR50043,Périurbaine,Trafic,NOX as NO2,9,29.9,ug.m-3,annuelle,2017-01-01T01:00:00.000Z,2018-01-01T00:00:00.000Z,t,568669,6282681,83
1.373,43.631,HAUTE-GARONNE,BLAGNAC,31069,Blagnac Aéroport Piste ,FR50043,Périurbaine,Trafic,PM10,5,13.7,ug.m-3,annuelle,2018-01-01T01:00:00.000Z,2019-01-01T00:00:00.000Z,t,568669,6282681,84
1.376,43.634,HAUTE-GARONNE,BLAGNAC,31069,Blagnac Aéroport Trafic ,FR50044,Périurbaine,Trafic,NO,38,14.2,ug.m-3,annuelle,2018-01-01T01:00:00.000Z,2019-01-01T00:00:00.000Z,t,568918,6283009,85
1.376,43.634,HAUTE-GARONNE,BLAGNAC,31069,Blagnac Aéroport Trafic ,FR50044,Périurbaine,Trafic,NO,38,14.4,ug.m-3,annuelle,2017-01-01T01:00:00.000Z,2018-01-01T00:00:00.000Z,t,568918,6283009,86
1.376,43.634,HAUTE-GARONNE,BLAGNAC,31069,Blagnac Aéroport Trafic ,FR50044,Périurbaine,Trafic,NO2,8,20.8,ug.m-3,annuelle,2018-01-01T01:00:00.000Z,2019-01-01T00:00:00.000Z,t,568918,6283009,87
1.376,43.634,HAUTE-GARONNE,BLAGNAC,31069,Blagnac Aéroport Trafic ,FR50044,Périurbaine,Trafic,NO2,8,21.8,ug.m-3,annuelle,2017-01-01T01:00:00.000Z,2018-01-01T00:00:00.000Z,t,568918,6283009,88
1.376,43.634,HAUTE-GARONNE,BLAGNAC,31069,Blagnac Aéroport Trafic ,FR50044,Périurbaine,Trafic,NOX as NO2,9,42.3,ug.m-3,annuelle,2018-01-01T01:00:00.000Z,2019-01-01T00:00:00.000Z,t,568918,6283009,89
1.376,43.634,HAUTE-GARONNE,BLAGNAC,31069,Blagnac Aéroport Trafic ,FR50044,Périurbaine,Trafic,NOX as NO2,9,43.6,ug.m-3,annuelle,2017-01-01T01:00:00.000Z,2018-01-01T00:00:00.000Z,t,568918,6283009,90
1.376,43.634,HAUTE-GARONNE,BLAGNAC,31069,Blagnac Aéroport Trafic ,FR50044,Périurbaine,Trafic,PM10,5,14,ug.m-3,annuelle,2018-01-01T01:00:00.000Z,2019-01-01T00:00:00.000Z,t,568918,6283009,91
1.376,43.634,HAUTE-GARONNE,BLAGNAC,31069,Blagnac Aéroport Trafic ,FR50044,Périurbaine,Trafic,PM10,5,15.4,ug.m-3,annuelle,2017-01-01T01:00:00.000Z,2018-01-01T00:00:00.000Z,t,568918,6283009,92
-0.051944,43.095,HAUTES-PYRENEES,LOURDES,65286,Lourdes-Paradis Trafic,FR50045,Urbaine,Trafic,CO,10,0.164,mg.m-3,annuelle,2017-01-01T01:00:00.000Z,2018-01-01T00:00:00.000Z,t,451389,6226552,93
-0.051944,43.095,HAUTES-PYRENEES,LOURDES,65286,Lourdes-Paradis Trafic,FR50045,Urbaine,Trafic,NO,38,11.3,ug.m-3,annuelle,2018-01-01T01:00:00.000Z,2019-01-01T00:00:00.000Z,t,451389,6226552,94
-0.051944,43.095,HAUTES-PYRENEES,LOURDES,65286,Lourdes-Paradis Trafic,FR50045,Urbaine,Trafic,NO,38,13.4,ug.m-3,annuelle,2017-01-01T01:00:00.000Z,2018-01-01T00:00:00.000Z,t,451389,6226552,95
-0.051944,43.095,HAUTES-PYRENEES,LOURDES,65286,Lourdes-Paradis Trafic,FR50045,Urbaine,Trafic,NO2,8,16.5,ug.m-3,annuelle,2018-01-01T01:00:00.000Z,2019-01-01T00:00:00.000Z,t,451389,6226552,96
-0.051944,43.095,HAUTES-PYRENEES,LOURDES,65286,Lourdes-Paradis Trafic,FR50045,Urbaine,Trafic,NO2,8,19.3,ug.m-3,annuelle,2017-01-01T01:00:00.000Z,2018-01-01T00:00:00.000Z,t,451389,6226552,97
-0.051944,43.095,HAUTES-PYRENEES,LOURDES,65286,Lourdes-Paradis Trafic,FR50045,Urbaine,Trafic,NOX as NO2,9,34.5,ug.m-3,annuelle,2018-01-01T01:00:00.000Z,2019-01-01T00:00:00.000Z,t,451389,6226552,98
-0.051944,43.095,HAUTES-PYRENEES,LOURDES,65286,Lourdes-Paradis Trafic,FR50045,Urbaine,Trafic,NOX as NO2,9,39.9,ug.m-3,annuelle,2017-01-01T01:00:00.000Z,2018-01-01T00:00:00.000Z,t,451389,6226552,99
-0.051944,43.095,HAUTES-PYRENEES,LOURDES,65286,Lourdes-Paradis Trafic,FR50045,Urbaine,Trafic,PM2.5,6001,8.3,ug.m-3,annuelle,2018-01-01T01:00:00.000Z,2019-01-01T00:00:00.000Z,t,451389,6226552,100
-0.051944,43.095,HAUTES-PYRENEES,LOURDES,65286,Lourdes-Paradis Trafic,FR50045,Urbaine,Trafic,PM2.5,6001,9.6,ug.m-3,annuelle,2017-01-01T01:00:00.000Z,2018-01-01T00:00:00.000Z,t,451389,6226552,101
1.59583,43.8039,HAUTE-GARONNE,BESSIERES,31066,Bessières-ECONOTRE,FR50047,Rurale proche Zone Urbaine,Industrielle,PM10,5,15.1,ug.m-3,annuelle,2018-01-01T01:00:00.000Z,2019-01-01T00:00:00.000Z,t,586995,6301548,102
1.59583,43.8039,HAUTE-GARONNE,BESSIERES,31066,Bessières-ECONOTRE,FR50047,Rurale proche Zone Urbaine,Industrielle,PM10,5,16.2,ug.m-3,annuelle,2017-01-01T01:00:00.000Z,2018-01-01T00:00:00.000Z,t,586995,6301548,103
1.4496,43.574,HAUTE-GARONNE,TOULOUSE,31555,Toulouse-Périphérique Trafic,FR50048,Urbaine,Trafic,CO,10,0.369,mg.m-3,annuelle,2017-01-01T01:00:00.000Z,2018-01-01T00:00:00.000Z,t,573544,6276247,104
1.4496,43.574,HAUTE-GARONNE,TOULOUSE,31555,Toulouse-Périphérique Trafic,FR50048,Urbaine,Trafic,NO,38,83,ug.m-3,annuelle,2018-01-01T01:00:00.000Z,2019-01-01T00:00:00.000Z,t,573544,6276247,105
1.4496,43.574,HAUTE-GARONNE,TOULOUSE,31555,Toulouse-Périphérique Trafic,FR50048,Urbaine,Trafic,NO,38,94.7,ug.m-3,annuelle,2017-01-01T01:00:00.000Z,2018-01-01T00:00:00.000Z,t,573544,6276247,106
1.4496,43.574,HAUTE-GARONNE,TOULOUSE,31555,Toulouse-Périphérique Trafic,FR50048,Urbaine,Trafic,NO2,8,67.7,ug.m-3,annuelle,2018-01-01T01:00:00.000Z,2019-01-01T00:00:00.000Z,t,573544,6276247,107
1.4496,43.574,HAUTE-GARONNE,TOULOUSE,31555,Toulouse-Périphérique Trafic,FR50048,Urbaine,Trafic,NO2,8,74,ug.m-3,annuelle,2017-01-01T01:00:00.000Z,2018-01-01T00:00:00.000Z,t,573544,6276247,108
1.4496,43.574,HAUTE-GARONNE,TOULOUSE,31555,Toulouse-Périphérique Trafic,FR50048,Urbaine,Trafic,NOX as NO2,9,193.2,ug.m-3,annuelle,2018-01-01T01:00:00.000Z,2019-01-01T00:00:00.000Z,t,573544,6276247,109
1.4496,43.574,HAUTE-GARONNE,TOULOUSE,31555,Toulouse-Périphérique Trafic,FR50048,Urbaine,Trafic,NOX as NO2,9,217.4,ug.m-3,annuelle,2017-01-01T01:00:00.000Z,2018-01-01T00:00:00.000Z,t,573544,6276247,110
1.4496,43.574,HAUTE-GARONNE,TOULOUSE,31555,Toulouse-Périphérique Trafic,FR50048,Urbaine,Trafic,PM10,5,27.5,ug.m-3,annuelle,2018-01-01T01:00:00.000Z,2019-01-01T00:00:00.000Z,t,573544,6276247,111
0.062222,43.2303,HAUTES-PYRENEES,TARBES,65440,Tarbes-Dupuy Urbain,FR50052,Urbaine,Fond,NO,38,5.6,ug.m-3,annuelle,2018-01-01T01:00:00.000Z,2019-01-01T00:00:00.000Z,t,461244,6241231,112
0.062222,43.2303,HAUTES-PYRENEES,TARBES,65440,Tarbes-Dupuy Urbain,FR50052,Urbaine,Fond,NO,38,7,ug.m-3,annuelle,2017-01-01T01:00:00.000Z,2018-01-01T00:00:00.000Z,t,461244,6241231,113
0.062222,43.2303,HAUTES-PYRENEES,TARBES,65440,Tarbes-Dupuy Urbain,FR50052,Urbaine,Fond,NO2,8,13,ug.m-3,annuelle,2018-01-01T01:00:00.000Z,2019-01-01T00:00:00.000Z,t,461244,6241231,114
0.062222,43.2303,HAUTES-PYRENEES,TARBES,65440,Tarbes-Dupuy Urbain,FR50052,Urbaine,Fond,NO2,8,15.1,ug.m-3,annuelle,2017-01-01T01:00:00.000Z,2018-01-01T00:00:00.000Z,t,461244,6241231,115
0.062222,43.2303,HAUTES-PYRENEES,TARBES,65440,Tarbes-Dupuy Urbain,FR50052,Urbaine,Fond,NOX as NO2,9,21.6,ug.m-3,annuelle,2018-01-01T01:00:00.000Z,2019-01-01T00:00:00.000Z,t,461244,6241231,116
0.062222,43.2303,HAUTES-PYRENEES,TARBES,65440,Tarbes-Dupuy Urbain,FR50052,Urbaine,Fond,NOX as NO2,9,25.9,ug.m-3,annuelle,2017-01-01T01:00:00.000Z,2018-01-01T00:00:00.000Z,t,461244,6241231,117
0.062222,43.2303,HAUTES-PYRENEES,TARBES,65440,Tarbes-Dupuy Urbain,FR50052,Urbaine,Fond,O3,7,54.6,ug.m-3,annuelle,2018-01-01T01:00:00.000Z,2019-01-01T00:00:00.000Z,t,461244,6241231,118
0.062222,43.2303,HAUTES-PYRENEES,TARBES,65440,Tarbes-Dupuy Urbain,FR50052,Urbaine,Fond,O3,7,49.7,ug.m-3,annuelle,2017-01-01T01:00:00.000Z,2018-01-01T00:00:00.000Z,t,461244,6241231,119
0.062222,43.2303,HAUTES-PYRENEES,TARBES,65440,Tarbes-Dupuy Urbain,FR50052,Urbaine,Fond,PM10,5,14.3,ug.m-3,annuelle,2018-01-01T01:00:00.000Z,2019-01-01T00:00:00.000Z,t,461244,6241231,120
0.062222,43.2303,HAUTES-PYRENEES,TARBES,65440,Tarbes-Dupuy Urbain,FR50052,Urbaine,Fond,SO2,1,0,ug.m-3,annuelle,2018-01-01T01:00:00.000Z,2019-01-01T00:00:00.000Z,t,461244,6241231,121
0.062222,43.2303,HAUTES-PYRENEES,TARBES,65440,Tarbes-Dupuy Urbain,FR50052,Urbaine,Fond,SO2,1,0,ug.m-3,annuelle,2017-01-01T01:00:00.000Z,2018-01-01T00:00:00.000Z,t,461244,6241231,122
2.23,43.6106,TARN,CASTRES,81065,Castres-Travet Urbain,FR50053,Urbaine,Fond,NO,38,2.2,ug.m-3,annuelle,2018-01-01T01:00:00.000Z,2019-01-01T00:00:00.000Z,t,637820,6279364,123
2.23,43.6106,TARN,CASTRES,81065,Castres-Travet Urbain,FR50053,Urbaine,Fond,NO,38,2.7,ug.m-3,annuelle,2017-01-01T01:00:00.000Z,2018-01-01T00:00:00.000Z,t,637820,6279364,124
2.23,43.6106,TARN,CASTRES,81065,Castres-Travet Urbain,FR50053,Urbaine,Fond,NO2,8,6.3,ug.m-3,annuelle,2018-01-01T01:00:00.000Z,2019-01-01T00:00:00.000Z,t,637820,6279364,125
2.23,43.6106,TARN,CASTRES,81065,Castres-Travet Urbain,FR50053,Urbaine,Fond,NO2,8,6.8,ug.m-3,annuelle,2017-01-01T01:00:00.000Z,2018-01-01T00:00:00.000Z,t,637820,6279364,126
2.23,43.6106,TARN,CASTRES,81065,Castres-Travet Urbain,FR50053,Urbaine,Fond,NOX as NO2,9,9.7,ug.m-3,annuelle,2018-01-01T01:00:00.000Z,2019-01-01T00:00:00.000Z,t,637820,6279364,127
2.23,43.6106,TARN,CASTRES,81065,Castres-Travet Urbain,FR50053,Urbaine,Fond,NOX as NO2,9,10.9,ug.m-3,annuelle,2017-01-01T01:00:00.000Z,2018-01-01T00:00:00.000Z,t,637820,6279364,128
2.23,43.6106,TARN,CASTRES,81065,Castres-Travet Urbain,FR50053,Urbaine,Fond,O3,7,59.5,ug.m-3,annuelle,2018-01-01T01:00:00.000Z,2019-01-01T00:00:00.000Z,t,637820,6279364,129
2.23,43.6106,TARN,CASTRES,81065,Castres-Travet Urbain,FR50053,Urbaine,Fond,O3,7,54.2,ug.m-3,annuelle,2017-01-01T01:00:00.000Z,2018-01-01T00:00:00.000Z,t,637820,6279364,130
2.23,43.6106,TARN,CASTRES,81065,Castres-Travet Urbain,FR50053,Urbaine,Fond,PM10,5,14.6,ug.m-3,annuelle,2018-01-01T01:00:00.000Z,2019-01-01T00:00:00.000Z,t,637820,6279364,131
2.23,43.6106,TARN,CASTRES,81065,Castres-Travet Urbain,FR50053,Urbaine,Fond,PM10,5,14.9,ug.m-3,annuelle,2017-01-01T01:00:00.000Z,2018-01-01T00:00:00.000Z,t,637820,6279364,132
1.46765,43.6431,HAUTE-GARONNE,TOULOUSE,31555,Toulouse - Rte Albi Trafic,FR50054,Urbaine,Trafic,NO,38,40.7,ug.m-3,annuelle,2018-01-01T01:00:00.000Z,2019-01-01T00:00:00.000Z,t,576334,6283873,133
1.46765,43.6431,HAUTE-GARONNE,TOULOUSE,31555,Toulouse - Rte Albi Trafic,FR50054,Urbaine,Trafic,NO,38,44.3,ug.m-3,annuelle,2017-01-01T01:00:00.000Z,2018-01-01T00:00:00.000Z,t,576334,6283873,134
1.46765,43.6431,HAUTE-GARONNE,TOULOUSE,31555,Toulouse - Rte Albi Trafic,FR50054,Urbaine,Trafic,NO2,8,37.5,ug.m-3,annuelle,2018-01-01T01:00:00.000Z,2019-01-01T00:00:00.000Z,t,576334,6283873,135
1.46765,43.6431,HAUTE-GARONNE,TOULOUSE,31555,Toulouse - Rte Albi Trafic,FR50054,Urbaine,Trafic,NO2,8,39.5,ug.m-3,annuelle,2017-01-01T01:00:00.000Z,2018-01-01T00:00:00.000Z,t,576334,6283873,136
1.46765,43.6431,HAUTE-GARONNE,TOULOUSE,31555,Toulouse - Rte Albi Trafic,FR50054,Urbaine,Trafic,NOX as NO2,9,99.1,ug.m-3,annuelle,2018-01-01T01:00:00.000Z,2019-01-01T00:00:00.000Z,t,576334,6283873,137
1.46765,43.6431,HAUTE-GARONNE,TOULOUSE,31555,Toulouse - Rte Albi Trafic,FR50054,Urbaine,Trafic,NOX as NO2,9,106.7,ug.m-3,annuelle,2017-01-01T01:00:00.000Z,2018-01-01T00:00:00.000Z,t,576334,6283873,138
1.46765,43.6431,HAUTE-GARONNE,TOULOUSE,31555,Toulouse - Rte Albi Trafic,FR50054,Urbaine,Trafic,PM2.5,6001,11.5,ug.m-3,annuelle,2018-01-01T01:00:00.000Z,2019-01-01T00:00:00.000Z,t,576334,6283873,139
1.46765,43.6431,HAUTE-GARONNE,TOULOUSE,31555,Toulouse - Rte Albi Trafic,FR50054,Urbaine,Trafic,PM2.5,6001,11.9,ug.m-3,annuelle,2017-01-01T01:00:00.000Z,2018-01-01T00:00:00.000Z,t,576334,6283873,140
3.07218,44.1062,AVEYRON,MILLAU,12145,Millau Urbain,FR50056,Urbaine,Fond,O3,7,60,ug.m-3,annuelle,2018-01-01T01:00:00.000Z,2019-01-01T00:00:00.000Z,t,705778,6334136,141
3.07218,44.1062,AVEYRON,MILLAU,12145,Millau Urbain,FR50056,Urbaine,Fond,O3,7,58.2,ug.m-3,annuelle,2017-01-01T01:00:00.000Z,2018-01-01T00:00:00.000Z,t,705778,6334136,142
1.62259,43.1144,ARIEGE,PAMIERS,9225,Pamiers Urbain,FR50057,Urbaine,Fond,O3,7,57.4,ug.m-3,annuelle,2018-01-01T01:00:00.000Z,2019-01-01T00:00:00.000Z,t,587812,6224882,143
1.62259,43.1144,ARIEGE,PAMIERS,9225,Pamiers Urbain,FR50057,Urbaine,Fond,O3,7,57.5,ug.m-3,annuelle,2017-01-01T01:00:00.000Z,2018-01-01T00:00:00.000Z,t,587812,6224882,144
1.38541,43.597,HAUTE-GARONNE,TOULOUSE,31555,Station Pedagogique,FR50058,Urbaine,Fond,O3,7,56.7,ug.m-3,annuelle,2018-01-01T01:00:00.000Z,2019-01-01T00:00:00.000Z,t,569593,6278883,145
3.88689,43.5915,HERAULT,MONTPELLIER,34172,Montpellier - Prés d Arènes Urbain,FR50200,Urbaine,Fond,NO,38,5,ug.m-3,annuelle,2018-01-01T01:00:00.000Z,2019-01-01T00:00:00.000Z,t,771642,6277340,146
3.88689,43.5915,HERAULT,MONTPELLIER,34172,Montpellier - Prés d Arènes Urbain,FR50200,Urbaine,Fond,NO,38,6.18477,ug.m-3,annuelle,2017-01-01T01:00:00.000Z,2018-01-01T00:00:00.000Z,t,771642,6277340,147
3.88689,43.5915,HERAULT,MONTPELLIER,34172,Montpellier - Prés d Arènes Urbain,FR50200,Urbaine,Fond,NO2,8,18.5,ug.m-3,annuelle,2018-01-01T01:00:00.000Z,2019-01-01T00:00:00.000Z,t,771642,6277340,148
3.88689,43.5915,HERAULT,MONTPELLIER,34172,Montpellier - Prés d Arènes Urbain,FR50200,Urbaine,Fond,NOX as NO2,9,26.1,ug.m-3,annuelle,2018-01-01T01:00:00.000Z,2019-01-01T00:00:00.000Z,t,771642,6277340,149
3.88689,43.5915,HERAULT,MONTPELLIER,34172,Montpellier - Prés d Arènes Urbain,FR50200,Urbaine,Fond,NOX as NO2,9,29.966837,ug.m-3,annuelle,2017-01-01T01:00:00.000Z,2018-01-01T00:00:00.000Z,t,771642,6277340,150
3.88689,43.5915,HERAULT,MONTPELLIER,34172,Montpellier - Prés d Arènes Urbain,FR50200,Urbaine,Fond,O3,7,60,ug.m-3,annuelle,2018-01-01T01:00:00.000Z,2019-01-01T00:00:00.000Z,t,771642,6277340,151
3.88689,43.5915,HERAULT,MONTPELLIER,34172,Montpellier - Prés d Arènes Urbain,FR50200,Urbaine,Fond,O3,7,57.164944,ug.m-3,annuelle,2017-01-01T01:00:00.000Z,2018-01-01T00:00:00.000Z,t,771642,6277340,152
3.88689,43.5915,HERAULT,MONTPELLIER,34172,Montpellier - Prés d Arènes Urbain,FR50200,Urbaine,Fond,PM10,5,14.3,ug.m-3,annuelle,2018-01-01T01:00:00.000Z,2019-01-01T00:00:00.000Z,t,771642,6277340,153
3.88689,43.5915,HERAULT,MONTPELLIER,34172,Montpellier - Prés d Arènes Urbain,FR50200,Urbaine,Fond,PM10,5,16.536964,ug.m-3,annuelle,2017-01-01T01:00:00.000Z,2018-01-01T00:00:00.000Z,t,771642,6277340,154
3.88689,43.5915,HERAULT,MONTPELLIER,34172,Montpellier - Prés d Arènes Urbain,FR50200,Urbaine,Fond,PM2.5,6001,9.5,ug.m-3,annuelle,2018-01-01T01:00:00.000Z,2019-01-01T00:00:00.000Z,t,771642,6277340,155
3.86472,43.6117,HERAULT,MONTPELLIER,34172,Montpellier - Chaptal Urbain,FR50201,Urbaine,Fond,NO,38,9.5,ug.m-3,annuelle,2018-01-01T01:00:00.000Z,2019-01-01T00:00:00.000Z,t,769827,6279565,156
3.86472,43.6117,HERAULT,MONTPELLIER,34172,Montpellier - Chaptal Urbain,FR50201,Urbaine,Fond,NO2,8,26.3,ug.m-3,annuelle,2018-01-01T01:00:00.000Z,2019-01-01T00:00:00.000Z,t,769827,6279565,157
3.86472,43.6117,HERAULT,MONTPELLIER,34172,Montpellier - Chaptal Urbain,FR50201,Urbaine,Fond,NOX as NO2,9,40.9,ug.m-3,annuelle,2018-01-01T01:00:00.000Z,2019-01-01T00:00:00.000Z,t,769827,6279565,158
3.8746,43.605,HERAULT,MONTPELLIER,34172,Montpellier - Saint Denis Trafic,FR50202,Urbaine,Trafic,NO,38,33.399929,ug.m-3,annuelle,2017-01-01T01:00:00.000Z,2018-01-01T00:00:00.000Z,t,770633,6278830,159
3.8746,43.605,HERAULT,MONTPELLIER,34172,Montpellier - Saint Denis Trafic,FR50202,Urbaine,Trafic,NO2,8,42.1,ug.m-3,annuelle,2018-01-01T01:00:00.000Z,2019-01-01T00:00:00.000Z,t,770633,6278830,160
3.8746,43.605,HERAULT,MONTPELLIER,34172,Montpellier - Saint Denis Trafic,FR50202,Urbaine,Trafic,NO2,8,44.277596,ug.m-3,annuelle,2017-01-01T01:00:00.000Z,2018-01-01T00:00:00.000Z,t,770633,6278830,161
3.89861,43.61,HERAULT,MONTPELLIER,34172,Montpellier - Pompignane Trafic,FR50203,Urbaine,Trafic,NO,38,18,ug.m-3,annuelle,2018-01-01T01:00:00.000Z,2019-01-01T00:00:00.000Z,t,772566,6279407,162
3.89861,43.61,HERAULT,MONTPELLIER,34172,Montpellier - Pompignane Trafic,FR50203,Urbaine,Trafic,NO,38,23.607187,ug.m-3,annuelle,2017-01-01T01:00:00.000Z,2018-01-01T00:00:00.000Z,t,772566,6279407,163
3.89861,43.61,HERAULT,MONTPELLIER,34172,Montpellier - Pompignane Trafic,FR50203,Urbaine,Trafic,NO2,8,27.5,ug.m-3,annuelle,2018-01-01T01:00:00.000Z,2019-01-01T00:00:00.000Z,t,772566,6279407,164
3.89861,43.61,HERAULT,MONTPELLIER,34172,Montpellier - Pompignane Trafic,FR50203,Urbaine,Trafic,NO2,8,30.41412,ug.m-3,annuelle,2017-01-01T01:00:00.000Z,2018-01-01T00:00:00.000Z,t,772566,6279407,165
3.89861,43.61,HERAULT,MONTPELLIER,34172,Montpellier - Pompignane Trafic,FR50203,Urbaine,Trafic,NOX as NO2,9,55.1,ug.m-3,annuelle,2018-01-01T01:00:00.000Z,2019-01-01T00:00:00.000Z,t,772566,6279407,166
3.89861,43.61,HERAULT,MONTPELLIER,34172,Montpellier - Pompignane Trafic,FR50203,Urbaine,Trafic,NOX as NO2,9,66.581482,ug.m-3,annuelle,2017-01-01T01:00:00.000Z,2018-01-01T00:00:00.000Z,t,772566,6279407,167
3.89861,43.61,HERAULT,MONTPELLIER,34172,Montpellier - Pompignane Trafic,FR50203,Urbaine,Trafic,PM10,5,21.3,ug.m-3,annuelle,2018-01-01T01:00:00.000Z,2019-01-01T00:00:00.000Z,t,772566,6279407,168
3.89861,43.61,HERAULT,MONTPELLIER,34172,Montpellier - Pompignane Trafic,FR50203,Urbaine,Trafic,PM10,5,18.267139,ug.m-3,annuelle,2017-01-01T01:00:00.000Z,2018-01-01T00:00:00.000Z,t,772566,6279407,169
3.89861,43.61,HERAULT,MONTPELLIER,34172,Montpellier - Pompignane Trafic,FR50203,Urbaine,Trafic,PM2.5,6001,11.2,ug.m-3,annuelle,2018-01-01T01:00:00.000Z,2019-01-01T00:00:00.000Z,t,772566,6279407,170
3.89861,43.61,HERAULT,MONTPELLIER,34172,Montpellier - Pompignane Trafic,FR50203,Urbaine,Trafic,PM2.5,6001,15.306608,ug.m-3,annuelle,2017-01-01T01:00:00.000Z,2018-01-01T00:00:00.000Z,t,772566,6279407,171
3.80082,43.6954,HERAULT,SAINT-GELY-DU-FESC,34255,Montpellier Nord - Périurbain,FR50204,Périurbaine,Fond,O3,7,67.3,ug.m-3,annuelle,2018-01-01T01:00:00.000Z,2019-01-01T00:00:00.000Z,t,764573,6288813,172
3.80082,43.6954,HERAULT,SAINT-GELY-DU-FESC,34255,Montpellier Nord - Périurbain,FR50204,Périurbaine,Fond,O3,7,66.773643,ug.m-3,annuelle,2017-01-01T01:00:00.000Z,2018-01-01T00:00:00.000Z,t,764573,6288813,173
3.80082,43.6954,HERAULT,SAINT-GELY-DU-FESC,34255,Montpellier Nord - Périurbain,FR50204,Périurbaine,Fond,PM10,5,12.4,ug.m-3,annuelle,2018-01-01T01:00:00.000Z,2019-01-01T00:00:00.000Z,t,764573,6288813,174
3.91156,43.5706,HERAULT,LATTES,34129,Montpellier Sud - Périurbain,FR50205,Périurbaine,Fond,O3,7,61.8,ug.m-3,annuelle,2018-01-01T01:00:00.000Z,2019-01-01T00:00:00.000Z,t,773662,6275040,175
3.91156,43.5706,HERAULT,LATTES,34129,Montpellier Sud - Périurbain,FR50205,Périurbaine,Fond,O3,7,59.285072,ug.m-3,annuelle,2017-01-01T01:00:00.000Z,2018-01-01T00:00:00.000Z,t,773662,6275040,176
4.08842,43.6758,HERAULT,LUNEL-VIEL,34146,Lunel-Viel - Périurbain,FR50206,Périurbaine,Industrielle,NO,38,2.8,ug.m-3,annuelle,2018-01-01T01:00:00.000Z,2019-01-01T00:00:00.000Z,t,787792,6286912,177
4.08842,43.6758,HERAULT,LUNEL-VIEL,34146,Lunel-Viel - Périurbain,FR50206,Périurbaine,Industrielle,NO,38,3.208552,ug.m-3,annuelle,2017-01-01T01:00:00.000Z,2018-01-01T00:00:00.000Z,t,787792,6286912,178
4.08842,43.6758,HERAULT,LUNEL-VIEL,34146,Lunel-Viel - Périurbain,FR50206,Périurbaine,Industrielle,NO2,8,11.7,ug.m-3,annuelle,2018-01-01T01:00:00.000Z,2019-01-01T00:00:00.000Z,t,787792,6286912,179
4.08842,43.6758,HERAULT,LUNEL-VIEL,34146,Lunel-Viel - Périurbain,FR50206,Périurbaine,Industrielle,NO2,8,12.540243,ug.m-3,annuelle,2017-01-01T01:00:00.000Z,2018-01-01T00:00:00.000Z,t,787792,6286912,180
4.08842,43.6758,HERAULT,LUNEL-VIEL,34146,Lunel-Viel - Périurbain,FR50206,Périurbaine,Industrielle,NOX as NO2,9,16.1,ug.m-3,annuelle,2018-01-01T01:00:00.000Z,2019-01-01T00:00:00.000Z,t,787792,6286912,181
4.08842,43.6758,HERAULT,LUNEL-VIEL,34146,Lunel-Viel - Périurbain,FR50206,Périurbaine,Industrielle,NOX as NO2,9,17.353668,ug.m-3,annuelle,2017-01-01T01:00:00.000Z,2018-01-01T00:00:00.000Z,t,787792,6286912,182
4.08842,43.6758,HERAULT,LUNEL-VIEL,34146,Lunel-Viel - Périurbain,FR50206,Périurbaine,Industrielle,PM10,5,18.1,ug.m-3,annuelle,2018-01-01T01:00:00.000Z,2019-01-01T00:00:00.000Z,t,787792,6286912,183
4.08842,43.6758,HERAULT,LUNEL-VIEL,34146,Lunel-Viel - Périurbain,FR50206,Périurbaine,Industrielle,PM10,5,17.024538,ug.m-3,annuelle,2017-01-01T01:00:00.000Z,2018-01-01T00:00:00.000Z,t,787792,6286912,184
4.08842,43.6758,HERAULT,LUNEL-VIEL,34146,Lunel-Viel - Périurbain,FR50206,Périurbaine,Industrielle,PM2.5,6001,9.5,ug.m-3,annuelle,2018-01-01T01:00:00.000Z,2019-01-01T00:00:00.000Z,t,787792,6286912,185
4.08842,43.6758,HERAULT,LUNEL-VIEL,34146,Lunel-Viel - Périurbain,FR50206,Périurbaine,Industrielle,PM2.5,6001,9.752957,ug.m-3,annuelle,2017-01-01T01:00:00.000Z,2018-01-01T00:00:00.000Z,t,787792,6286912,186
3.60356,43.4282,HERAULT,MEZE,34157,Mèze trafic,FR50207,Périurbaine,Trafic,NOX as NO2,9,36.178265,ug.m-3,annuelle,2017-01-01T01:00:00.000Z,2018-01-01T00:00:00.000Z,t,748894,6258975,187
3.60356,43.4282,HERAULT,MEZE,34157,Mèze trafic,FR50207,Périurbaine,Trafic,PM10,5,15.631664,ug.m-3,annuelle,2017-01-01T01:00:00.000Z,2018-01-01T00:00:00.000Z,t,748894,6258975,188
3.60356,43.4282,HERAULT,MEZE,34157,Mèze trafic,FR50207,Périurbaine,Trafic,PM2.5,6001,14.749399,ug.m-3,annuelle,2017-01-01T01:00:00.000Z,2018-01-01T00:00:00.000Z,t,748894,6258975,189
3.18881,43.4068,HERAULT,CORNEILHAN,34084,Biterrois-Narbonnais - Périurbain,FR50209,Rurale Régionale,Fond,O3,7,65.4,ug.m-3,annuelle,2018-01-01T01:00:00.000Z,2019-01-01T00:00:00.000Z,t,715301,6256427,190
3.18881,43.4068,HERAULT,CORNEILHAN,34084,Biterrois-Narbonnais - Périurbain,FR50209,Rurale Régionale,Fond,O3,7,69.17186,ug.m-3,annuelle,2017-01-01T01:00:00.000Z,2018-01-01T00:00:00.000Z,t,715301,6256427,191
3.50483,43.2878,HERAULT,AGDE,34003,Agathois-Piscénois - Périurbain,FR50210,Périurbaine,Fond,NO,38,3.1,ug.m-3,annuelle,2018-01-01T01:00:00.000Z,2019-01-01T00:00:00.000Z,t,740996,6243312,192
3.50483,43.2878,HERAULT,AGDE,34003,Agathois-Piscénois - Périurbain,FR50210,Périurbaine,Fond,NO,38,5.317781,ug.m-3,annuelle,2017-01-01T01:00:00.000Z,2018-01-01T00:00:00.000Z,t,740996,6243312,193
3.50483,43.2878,HERAULT,AGDE,34003,Agathois-Piscénois - Périurbain,FR50210,Périurbaine,Fond,NO2,8,7,ug.m-3,annuelle,2018-01-01T01:00:00.000Z,2019-01-01T00:00:00.000Z,t,740996,6243312,194
3.50483,43.2878,HERAULT,AGDE,34003,Agathois-Piscénois - Périurbain,FR50210,Périurbaine,Fond,NO2,8,9.458975,ug.m-3,annuelle,2017-01-01T01:00:00.000Z,2018-01-01T00:00:00.000Z,t,740996,6243312,195
3.50483,43.2878,HERAULT,AGDE,34003,Agathois-Piscénois - Périurbain,FR50210,Périurbaine,Fond,NOX as NO2,9,11.6,ug.m-3,annuelle,2018-01-01T01:00:00.000Z,2019-01-01T00:00:00.000Z,t,740996,6243312,196
3.50483,43.2878,HERAULT,AGDE,34003,Agathois-Piscénois - Périurbain,FR50210,Périurbaine,Fond,NOX as NO2,9,17.525227,ug.m-3,annuelle,2017-01-01T01:00:00.000Z,2018-01-01T00:00:00.000Z,t,740996,6243312,197
3.50483,43.2878,HERAULT,AGDE,34003,Agathois-Piscénois - Périurbain,FR50210,Périurbaine,Fond,O3,7,70.8,ug.m-3,annuelle,2018-01-01T01:00:00.000Z,2019-01-01T00:00:00.000Z,t,740996,6243312,198
3.50483,43.2878,HERAULT,AGDE,34003,Agathois-Piscénois - Périurbain,FR50210,Périurbaine,Fond,O3,7,70.938339,ug.m-3,annuelle,2017-01-01T01:00:00.000Z,2018-01-01T00:00:00.000Z,t,740996,6243312,199
4.37422,43.8344,GARD,NIMES,30189,Nîmes Sud - urbain,FR50211,Urbaine,Fond,NO2,8,16.1,ug.m-3,annuelle,2018-01-01T01:00:00.000Z,2019-01-01T00:00:00.000Z,t,810536,6304894,200
4.37422,43.8344,GARD,NIMES,30189,Nîmes Sud - urbain,FR50211,Urbaine,Fond,NO2,8,16.951609,ug.m-3,annuelle,2017-01-01T01:00:00.000Z,2018-01-01T00:00:00.000Z,t,810536,6304894,201
4.37422,43.8344,GARD,NIMES,30189,Nîmes Sud - urbain,FR50211,Urbaine,Fond,O3,7,64.1,ug.m-3,annuelle,2018-01-01T01:00:00.000Z,2019-01-01T00:00:00.000Z,t,810536,6304894,202
4.37422,43.8344,GARD,NIMES,30189,Nîmes Sud - urbain,FR50211,Urbaine,Fond,O3,7,62.992435,ug.m-3,annuelle,2017-01-01T01:00:00.000Z,2018-01-01T00:00:00.000Z,t,810536,6304894,203
4.37422,43.8344,GARD,NIMES,30189,Nîmes Sud - urbain,FR50211,Urbaine,Fond,PM10,5,13.5,ug.m-3,annuelle,2018-01-01T01:00:00.000Z,2019-01-01T00:00:00.000Z,t,810536,6304894,204
4.37422,43.8344,GARD,NIMES,30189,Nîmes Sud - urbain,FR50211,Urbaine,Fond,PM2.5,6001,9.9,ug.m-3,annuelle,2018-01-01T01:00:00.000Z,2019-01-01T00:00:00.000Z,t,810536,6304894,205
4.37422,43.8344,GARD,NIMES,30189,Nîmes Sud - urbain,FR50211,Urbaine,Fond,PM2.5,6001,10.852873,ug.m-3,annuelle,2017-01-01T01:00:00.000Z,2018-01-01T00:00:00.000Z,t,810536,6304894,206
4.36199,43.8299,GARD,NIMES,30189,Nîmes - Planas - Trafic,FR50212,Urbaine,Trafic,NO,38,29.163527,ug.m-3,annuelle,2017-01-01T01:00:00.000Z,2018-01-01T00:00:00.000Z,t,809561,6304377,207
4.36199,43.8299,GARD,NIMES,30189,Nîmes - Planas - Trafic,FR50212,Urbaine,Trafic,NO2,8,32.7,ug.m-3,annuelle,2018-01-01T01:00:00.000Z,2019-01-01T00:00:00.000Z,t,809561,6304377,208
4.36199,43.8299,GARD,NIMES,30189,Nîmes - Planas - Trafic,FR50212,Urbaine,Trafic,NO2,8,36.926163,ug.m-3,annuelle,2017-01-01T01:00:00.000Z,2018-01-01T00:00:00.000Z,t,809561,6304377,209
4.36199,43.8299,GARD,NIMES,30189,Nîmes - Planas - Trafic,FR50212,Urbaine,Trafic,NOX as NO2,9,81.58725,ug.m-3,annuelle,2017-01-01T01:00:00.000Z,2018-01-01T00:00:00.000Z,t,809561,6304377,210
4.26581,43.9254,GARD,LA CALMETTE,30061,La Calmette - Périurbain,FR50213,Périurbaine,Fond,NO,38,4.5,ug.m-3,annuelle,2018-01-01T01:00:00.000Z,2019-01-01T00:00:00.000Z,t,801654,6314859,211
4.26581,43.9254,GARD,LA CALMETTE,30061,La Calmette - Périurbain,FR50213,Périurbaine,Fond,NO,38,3.533839,ug.m-3,annuelle,2017-01-01T01:00:00.000Z,2018-01-01T00:00:00.000Z,t,801654,6314859,212
4.26581,43.9254,GARD,LA CALMETTE,30061,La Calmette - Périurbain,FR50213,Périurbaine,Fond,NO2,8,8.2,ug.m-3,annuelle,2018-01-01T01:00:00.000Z,2019-01-01T00:00:00.000Z,t,801654,6314859,213
4.26581,43.9254,GARD,LA CALMETTE,30061,La Calmette - Périurbain,FR50213,Périurbaine,Fond,NO2,8,9.098475,ug.m-3,annuelle,2017-01-01T01:00:00.000Z,2018-01-01T00:00:00.000Z,t,801654,6314859,214
4.26581,43.9254,GARD,LA CALMETTE,30061,La Calmette - Périurbain,FR50213,Périurbaine,Fond,NOX as NO2,9,15,ug.m-3,annuelle,2018-01-01T01:00:00.000Z,2019-01-01T00:00:00.000Z,t,801654,6314859,215
4.26581,43.9254,GARD,LA CALMETTE,30061,La Calmette - Périurbain,FR50213,Périurbaine,Fond,NOX as NO2,9,14.505963,ug.m-3,annuelle,2017-01-01T01:00:00.000Z,2018-01-01T00:00:00.000Z,t,801654,6314859,216
4.26581,43.9254,GARD,LA CALMETTE,30061,La Calmette - Périurbain,FR50213,Périurbaine,Fond,O3,7,55.4,ug.m-3,annuelle,2018-01-01T01:00:00.000Z,2019-01-01T00:00:00.000Z,t,801654,6314859,217
4.26581,43.9254,GARD,LA CALMETTE,30061,La Calmette - Périurbain,FR50213,Périurbaine,Fond,O3,7,55.465538,ug.m-3,annuelle,2017-01-01T01:00:00.000Z,2018-01-01T00:00:00.000Z,t,801654,6314859,218
4.26581,43.9254,GARD,LA CALMETTE,30061,La Calmette - Périurbain,FR50213,Périurbaine,Fond,PM10,5,15.8,ug.m-3,annuelle,2018-01-01T01:00:00.000Z,2019-01-01T00:00:00.000Z,t,801654,6314859,219
4.26581,43.9254,GARD,LA CALMETTE,30061,La Calmette - Périurbain,FR50213,Périurbaine,Fond,PM10,5,17.833763,ug.m-3,annuelle,2017-01-01T01:00:00.000Z,2018-01-01T00:00:00.000Z,t,801654,6314859,220
4.69736,44.0536,GARD,SAINT-LAURENT-DES-ARBRES,30278,St Laurent des Arbres - périurbain,FR50214,Périurbaine,Fond,PM10,5,14.8,ug.m-3,annuelle,2018-01-01T01:00:00.000Z,2019-01-01T00:00:00.000Z,t,836000,6329750,221
4.69736,44.0536,GARD,SAINT-LAURENT-DES-ARBRES,30278,St Laurent des Arbres - périurbain,FR50214,Périurbaine,Fond,PM10,5,17.628819,ug.m-3,annuelle,2017-01-01T01:00:00.000Z,2018-01-01T00:00:00.000Z,t,836000,6329750,222
4.69736,44.0536,GARD,SAINT-LAURENT-DES-ARBRES,30278,St Laurent des Arbres - périurbain,FR50214,Périurbaine,Fond,PM2.5,6001,9.2,ug.m-3,annuelle,2018-01-01T01:00:00.000Z,2019-01-01T00:00:00.000Z,t,836000,6329750,223
4.69736,44.0536,GARD,SAINT-LAURENT-DES-ARBRES,30278,St Laurent des Arbres - périurbain,FR50214,Périurbaine,Fond,PM2.5,6001,10.982192,ug.m-3,annuelle,2017-01-01T01:00:00.000Z,2018-01-01T00:00:00.000Z,t,836000,6329750,224
4.1388,44.1428,GARD,SAINT-PRIVAT-DES-VIEUX,30294,Alès Cévennes - Pérurbain,FR50215,Périurbaine,Fond,O3,7,68.199738,ug.m-3,annuelle,2017-01-01T01:00:00.000Z,2018-01-01T00:00:00.000Z,t,791107,6338856,225
4.67969,43.9429,GARD,SAZE,30315,Saze - rural,FR50216,Rurale proche Zone Urbaine,Industrielle,O3,7,67.7,ug.m-3,annuelle,2018-01-01T01:00:00.000Z,2019-01-01T00:00:00.000Z,t,834846,6317423,226
4.67969,43.9429,GARD,SAZE,30315,Saze - rural,FR50216,Rurale proche Zone Urbaine,Industrielle,O3,7,65.819534,ug.m-3,annuelle,2017-01-01T01:00:00.000Z,2018-01-01T00:00:00.000Z,t,834846,6317423,227
4.64295,43.8292,GARD,VALLABREGUES,30336,Vallabrègues - rural,FR50217,Rurale,Fond,NO,38,1.4,ug.m-3,annuelle,2018-01-01T01:00:00.000Z,2019-01-01T00:00:00.000Z,t,832160,6304729,228
4.64295,43.8292,GARD,VALLABREGUES,30336,Vallabrègues - rural,FR50217,Rurale,Fond,NO,38,0.911761,ug.m-3,annuelle,2017-01-01T01:00:00.000Z,2018-01-01T00:00:00.000Z,t,832160,6304729,229
4.64295,43.8292,GARD,VALLABREGUES,30336,Vallabrègues - rural,FR50217,Rurale,Fond,NO2,8,8.2,ug.m-3,annuelle,2018-01-01T01:00:00.000Z,2019-01-01T00:00:00.000Z,t,832160,6304729,230
4.64295,43.8292,GARD,VALLABREGUES,30336,Vallabrègues - rural,FR50217,Rurale,Fond,NO2,8,7.287848,ug.m-3,annuelle,2017-01-01T01:00:00.000Z,2018-01-01T00:00:00.000Z,t,832160,6304729,231
4.64295,43.8292,GARD,VALLABREGUES,30336,Vallabrègues - rural,FR50217,Rurale,Fond,NOX as NO2,9,10.2,ug.m-3,annuelle,2018-01-01T01:00:00.000Z,2019-01-01T00:00:00.000Z,t,832160,6304729,232
4.64295,43.8292,GARD,VALLABREGUES,30336,Vallabrègues - rural,FR50217,Rurale,Fond,NOX as NO2,9,8.528108,ug.m-3,annuelle,2017-01-01T01:00:00.000Z,2018-01-01T00:00:00.000Z,t,832160,6304729,233
4.64295,43.8292,GARD,VALLABREGUES,30336,Vallabrègues - rural,FR50217,Rurale,Fond,O3,7,65.5,ug.m-3,annuelle,2018-01-01T01:00:00.000Z,2019-01-01T00:00:00.000Z,t,832160,6304729,234
4.64295,43.8292,GARD,VALLABREGUES,30336,Vallabrègues - rural,FR50217,Rurale,Fond,O3,7,64.933258,ug.m-3,annuelle,2017-01-01T01:00:00.000Z,2018-01-01T00:00:00.000Z,t,832160,6304729,235
2.90345,42.684,PYRENEES-ORIENTALES,PERPIGNAN,66136,Perpignan Sud - urbain,FR50219,Urbaine,Fond,NO,38,3.8,ug.m-3,annuelle,2018-01-01T01:00:00.000Z,2019-01-01T00:00:00.000Z,t,692077,6176047,236
2.90345,42.684,PYRENEES-ORIENTALES,PERPIGNAN,66136,Perpignan Sud - urbain,FR50219,Urbaine,Fond,NO,38,4.005576,ug.m-3,annuelle,2017-01-01T01:00:00.000Z,2018-01-01T00:00:00.000Z,t,692077,6176047,237
2.90345,42.684,PYRENEES-ORIENTALES,PERPIGNAN,66136,Perpignan Sud - urbain,FR50219,Urbaine,Fond,NO2,8,13.1,ug.m-3,annuelle,2018-01-01T01:00:00.000Z,2019-01-01T00:00:00.000Z,t,692077,6176047,238
2.90345,42.684,PYRENEES-ORIENTALES,PERPIGNAN,66136,Perpignan Sud - urbain,FR50219,Urbaine,Fond,NO2,8,15.005599,ug.m-3,annuelle,2017-01-01T01:00:00.000Z,2018-01-01T00:00:00.000Z,t,692077,6176047,239
2.90345,42.684,PYRENEES-ORIENTALES,PERPIGNAN,66136,Perpignan Sud - urbain,FR50219,Urbaine,Fond,NOX as NO2,9,18.9,ug.m-3,annuelle,2018-01-01T01:00:00.000Z,2019-01-01T00:00:00.000Z,t,692077,6176047,240
2.90345,42.684,PYRENEES-ORIENTALES,PERPIGNAN,66136,Perpignan Sud - urbain,FR50219,Urbaine,Fond,NOX as NO2,9,20.967083,ug.m-3,annuelle,2017-01-01T01:00:00.000Z,2018-01-01T00:00:00.000Z,t,692077,6176047,241
2.90345,42.684,PYRENEES-ORIENTALES,PERPIGNAN,66136,Perpignan Sud - urbain,FR50219,Urbaine,Fond,O3,7,68.2,ug.m-3,annuelle,2018-01-01T01:00:00.000Z,2019-01-01T00:00:00.000Z,t,692077,6176047,242
2.90345,42.684,PYRENEES-ORIENTALES,PERPIGNAN,66136,Perpignan Sud - urbain,FR50219,Urbaine,Fond,PM10,5,14.3,ug.m-3,annuelle,2018-01-01T01:00:00.000Z,2019-01-01T00:00:00.000Z,t,692077,6176047,243
2.90345,42.684,PYRENEES-ORIENTALES,PERPIGNAN,66136,Perpignan Sud - urbain,FR50219,Urbaine,Fond,PM10,5,15.094214,ug.m-3,annuelle,2017-01-01T01:00:00.000Z,2018-01-01T00:00:00.000Z,t,692077,6176047,244
2.83987,42.7198,PYRENEES-ORIENTALES,SAINT-ESTEVE,66172,Saint Estève - périurbain,FR50221,Périurbaine,Fond,O3,7,71,ug.m-3,annuelle,2018-01-01T01:00:00.000Z,2019-01-01T00:00:00.000Z,t,686868,6180037,245
2.83987,42.7198,PYRENEES-ORIENTALES,SAINT-ESTEVE,66172,Saint Estève - périurbain,FR50221,Périurbaine,Fond,O3,7,70.610619,ug.m-3,annuelle,2017-01-01T01:00:00.000Z,2018-01-01T00:00:00.000Z,t,686868,6180037,246
2.5707,44.357,AVEYRON,RODEZ,12202,Rodez Urbain,FR50815,Urbaine,Fond,NO2,8,12.1,ug.m-3,annuelle,2017-01-01T01:00:00.000Z,2018-01-01T00:00:00.000Z,t,665783,6362089,247
2.5707,44.357,AVEYRON,RODEZ,12202,Rodez Urbain,FR50815,Urbaine,Fond,O3,7,64.3,ug.m-3,annuelle,2018-01-01T01:00:00.000Z,2019-01-01T00:00:00.000Z,t,665783,6362089,248
2.5707,44.357,AVEYRON,RODEZ,12202,Rodez Urbain,FR50815,Urbaine,Fond,O3,7,60.2,ug.m-3,annuelle,2017-01-01T01:00:00.000Z,2018-01-01T00:00:00.000Z,t,665783,6362089,249
2.5707,44.357,AVEYRON,RODEZ,12202,Rodez Urbain,FR50815,Urbaine,Fond,PM10,5,13.2,ug.m-3,annuelle,2018-01-01T01:00:00.000Z,2019-01-01T00:00:00.000Z,t,665783,6362089,250
2.5707,44.357,AVEYRON,RODEZ,12202,Rodez Urbain,FR50815,Urbaine,Fond,PM10,5,14.5,ug.m-3,annuelle,2017-01-01T01:00:00.000Z,2018-01-01T00:00:00.000Z,t,665783,6362089,251
1.41518,43.6103,HAUTE-GARONNE,TOULOUSE,31555,Toulouse Port de l Embouchure,FR50821,Urbaine,Trafic,NO,38,40.4,ug.m-3,annuelle,2018-01-01T01:00:00.000Z,2019-01-01T00:00:00.000Z,t,572027,6280312,252
1.41518,43.6103,HAUTE-GARONNE,TOULOUSE,31555,Toulouse Port de l Embouchure,FR50821,Urbaine,Trafic,NO,38,47,ug.m-3,annuelle,2017-01-01T01:00:00.000Z,2018-01-01T00:00:00.000Z,t,572027,6280312,253
1.41518,43.6103,HAUTE-GARONNE,TOULOUSE,31555,Toulouse Port de l Embouchure,FR50821,Urbaine,Trafic,NO2,8,46.7,ug.m-3,annuelle,2018-01-01T01:00:00.000Z,2019-01-01T00:00:00.000Z,t,572027,6280312,254
1.41518,43.6103,HAUTE-GARONNE,TOULOUSE,31555,Toulouse Port de l Embouchure,FR50821,Urbaine,Trafic,NO2,8,49.5,ug.m-3,annuelle,2017-01-01T01:00:00.000Z,2018-01-01T00:00:00.000Z,t,572027,6280312,255
1.41518,43.6103,HAUTE-GARONNE,TOULOUSE,31555,Toulouse Port de l Embouchure,FR50821,Urbaine,Trafic,NOX as NO2,9,108.6,ug.m-3,annuelle,2018-01-01T01:00:00.000Z,2019-01-01T00:00:00.000Z,t,572027,6280312,256
1.41518,43.6103,HAUTE-GARONNE,TOULOUSE,31555,Toulouse Port de l Embouchure,FR50821,Urbaine,Trafic,NOX as NO2,9,121.5,ug.m-3,annuelle,2017-01-01T01:00:00.000Z,2018-01-01T00:00:00.000Z,t,572027,6280312,257
1.41518,43.6103,HAUTE-GARONNE,TOULOUSE,31555,Toulouse Port de l Embouchure,FR50821,Urbaine,Trafic,PM10,5,22.8,ug.m-3,annuelle,2018-01-01T01:00:00.000Z,2019-01-01T00:00:00.000Z,t,572027,6280312,258
1.41518,43.6103,HAUTE-GARONNE,TOULOUSE,31555,Toulouse Port de l Embouchure,FR50821,Urbaine,Trafic,PM10,5,24.5,ug.m-3,annuelle,2017-01-01T01:00:00.000Z,2018-01-01T00:00:00.000Z,t,572027,6280312,259
